{"cameraMode":{"drawMode":0,"name":"Shaded","section":"Shading Mode"},"sceneLighting":false,"audioPlay":false,"sceneViewState":{"m_AlwaysRefresh":false,"showFog":true,"showSkybox":false,"showFlares":true,"showImageEffects":true,"showParticleSystems":true,"showVisualEffectGraphs":true,"m_FxEnabled":true},"in2DMode":false,"pivot":{"x":-29.266855239868165,"y":13.981593132019043,"z":16.828332901000978},"rotation":{"x":-0.0015272708842530847,"y":-0.9985941648483276,"z":0.03778522089123726,"w":-0.046490538865327838},"size":0.6972444653511047,"orthographic":false}